purchase_id,purchase_date,product_id,quantity_purchased,purchase_price_inr
PR00001,2024-01-03,P050,8,1012
PR00002,2024-01-06,P065,60,1804
PR00003,2024-01-06,P085,168,410
PR00004,2024-01-06,P117,8,1866
PR00005,2024-01-09,P151,137,1985
PR00006,2024-01-11,P153,76,1922
PR00007,2024-01-11,P049,16,2143
PR00008,2024-01-12,P138,102,1456
PR00009,2024-01-12,P045,15,2144
PR00010,2024-01-13,P004,144,280
PR00011,2024-01-13,P001,102,300
PR00012,2024-01-15,P148,33,470
PR00013,2024-01-16,P055,6,1010
PR00014,2024-01-16,P162,45,1876
PR00015,2024-01-18,P075,34,2006
PR00016,2024-01-18,P002,74,320
PR00017,2024-01-19,P114,14,155
PR00018,2024-01-20,P052,30,946
PR00019,2024-01-21,P010,28,120
PR00020,2024-01-22,P096,133,1227
PR00021,2024-01-22,P072,57,2033
PR00022,2024-01-22,P094,40,1921
PR00023,2024-01-24,P044,78,1119
PR00024,2024-01-25,P152,9,2297
PR00025,2024-01-26,P182,54,1690
PR00026,2024-01-26,P026,177,447
PR00027,2024-01-27,P133,26,1481
PR00028,2024-01-27,P143,26,788
PR00029,2024-02-01,P005,66,250
PR00030,2024-02-02,P158,6,1924
PR00031,2024-02-03,P181,33,1977
PR00032,2024-02-03,P086,88,1531
PR00033,2024-02-05,P023,30,1684
PR00034,2024-02-05,P132,39,372
PR00035,2024-02-08,P081,27,1698
PR00036,2024-02-10,P077,6,1806
PR00037,2024-02-12,P011,95,1458
PR00038,2024-02-13,P024,101,2318
PR00039,2024-02-13,P073,63,107
PR00040,2024-02-13,P088,44,970
PR00041,2024-02-13,P048,28,1713
PR00042,2024-02-13,P017,48,422
PR00043,2024-02-14,P168,60,1278
PR00044,2024-02-15,P013,80,1544
PR00045,2024-02-15,P186,6,2230
PR00046,2024-02-16,P141,16,1482
PR00047,2024-02-17,P189,68,1741
PR00048,2024-02-21,P056,110,1719
PR00049,2024-02-23,P145,164,728
PR00050,2024-02-24,P018,80,1967
PR00051,2024-02-24,P047,24,1722
PR00052,2024-02-25,P062,132,133
PR00053,2024-02-25,P063,79,519
PR00054,2024-02-26,P067,42,2476
PR00055,2024-02-26,P103,28,1315
PR00056,2024-02-26,P082,38,424
PR00057,2024-02-27,P071,44,1908
PR00058,2024-02-27,P149,82,1841
PR00059,2024-02-29,P009,20,80
PR00060,2024-03-02,P122,100,2128
PR00061,2024-03-03,P092,6,1028
PR00062,2024-03-03,P188,76,1607
PR00063,2024-03-03,P051,51,2407
PR00064,2024-03-05,P042,45,208
PR00065,2024-03-05,P104,186,591
PR00066,2024-03-07,P131,82,1380
PR00067,2024-03-08,P087,52,2035
PR00068,2024-03-08,P113,24,654
PR00069,2024-03-08,P008,111,180
PR00070,2024-03-09,P173,94,2306
PR00071,2024-03-10,P159,152,832
PR00072,2024-03-11,P036,22,474
PR00073,2024-03-11,P147,38,1764
PR00074,2024-03-11,P079,15,1909
PR00075,2024-03-12,P012,15,1531
PR00076,2024-03-15,P090,28,609
PR00077,2024-03-15,P175,56,174
PR00078,2024-03-16,P066,32,1533
PR00079,2024-03-16,P099,70,1955
PR00080,2024-03-18,P021,6,1309
PR00081,2024-03-18,P033,14,2365
PR00082,2024-03-19,P006,100,280
PR00083,2024-03-19,P101,28,1259
PR00084,2024-03-25,P164,96,1016
PR00085,2024-03-25,P107,152,2349
PR00086,2024-03-26,P028,6,358
PR00087,2024-03-27,P037,54,1454
PR00088,2024-03-27,P167,44,605
PR00089,2024-03-28,P040,9,213
PR00090,2024-03-28,P039,96,660
PR00091,2024-03-29,P060,128,1602
PR00092,2024-03-29,P161,30,1788
PR00093,2024-03-30,P014,52,1155
PR00094,2024-03-31,P061,100,2259
PR00095,2024-03-31,P110,34,1195
PR00096,2024-04-01,P187,96,1993
PR00097,2024-04-02,P034,22,347
PR00098,2024-04-07,P136,28,1901
PR00099,2024-04-09,P180,26,418
PR00100,2024-04-09,P097,148,279
PR00101,2024-04-09,P068,120,1381
PR00102,2024-04-12,P116,6,2185
PR00103,2024-04-13,P038,141,1416
PR00104,2024-04-17,P124,136,1315
PR00105,2024-04-18,P105,8,1437
PR00106,2024-04-18,P174,6,1432
PR00107,2024-04-24,P091,45,2055
PR00108,2024-04-25,P074,18,2060
PR00109,2024-04-25,P178,30,551
PR00110,2024-04-26,P177,32,1357
PR00111,2024-04-27,P032,16,330
PR00112,2024-04-29,P043,60,1191
PR00113,2024-04-30,P137,60,218
PR00114,2024-04-30,P163,40,284
PR00115,2024-05-01,P020,36,864
PR00116,2024-05-03,P053,120,1953
PR00117,2024-05-04,P046,28,857
PR00118,2024-05-09,P176,48,348
PR00119,2024-05-09,P019,36,1252
PR00120,2024-05-10,P089,36,1751
PR00121,2024-05-10,P184,16,1694
PR00122,2024-05-10,P070,57,1706
PR00123,2024-05-14,P142,12,573
PR00124,2024-05-16,P165,48,364
PR00125,2024-05-20,P171,80,575
PR00126,2024-05-20,P154,48,56
PR00127,2024-05-21,P083,57,1861
PR00128,2024-05-21,P098,8,1616
PR00129,2024-05-22,P157,176,1493
PR00130,2024-05-26,P077,6,1806
PR00131,2024-05-27,P125,21,931
PR00132,2024-05-29,P183,45,536
PR00133,2024-05-30,P015,52,321
PR00134,2024-05-30,P115,38,310
PR00135,2024-05-31,P027,18,497
PR00136,2024-06-01,P146,39,1029
PR00137,2024-06-02,P007,200,150
PR00138,2024-06-02,P186,6,2230
PR00139,2024-06-02,P134,176,358
PR00140,2024-06-07,P185,12,2161
PR00141,2024-06-10,P002,74,320
PR00142,2024-06-13,P044,76,1119
PR00143,2024-06-18,P130,169,368
PR00144,2024-06-18,P022,24,575
PR00145,2024-06-21,P169,20,157
PR00146,2024-06-22,P117,8,1866
PR00147,2024-06-23,P057,189,1490
PR00148,2024-06-24,P112,10,1047
PR00149,2024-06-24,P158,6,1924
PR00150,2024-06-26,P005,65,250
PR00151,2024-06-26,P055,6,1010
PR00152,2024-07-01,P058,60,1167
PR00153,2024-07-02,P073,63,107
PR00154,2024-07-02,P150,44,384
PR00155,2024-07-10,P009,20,80
PR00156,2024-07-15,P149,83,1841
PR00157,2024-07-17,P050,8,1012
PR00158,2024-07-19,P127,180,1810
PR00159,2024-07-25,P135,42,1851
PR00160,2024-07-30,P140,56,1400
PR00161,2024-08-01,P001,100,300
PR00162,2024-08-02,P084,64,1365
PR00163,2024-08-06,P086,90,1531
PR00164,2024-08-07,P063,78,519
PR00165,2024-08-07,P133,26,1481
PR00166,2024-08-10,P021,6,1309
PR00167,2024-08-11,P131,84,1380
PR00168,2024-08-15,P106,57,556
PR00169,2024-08-15,P119,48,1907
PR00170,2024-08-17,P010,28,120
PR00171,2024-08-17,P156,52,116
PR00172,2024-08-21,P099,70,1955
PR00173,2024-08-22,P143,26,788
PR00174,2024-08-23,P024,100,2318
PR00175,2024-08-28,P041,21,775
PR00176,2024-08-30,P011,95,1458
PR00177,2024-08-31,P092,6,1028
PR00178,2024-09-02,P172,60,1295
PR00179,2024-09-03,P078,68,2310
PR00180,2024-09-10,P003,80,750
PR00181,2024-09-12,P048,28,1713
PR00182,2024-09-12,P138,102,1456
PR00183,2024-09-14,P173,96,2306
PR00184,2024-09-14,P144,60,2260
PR00185,2024-09-16,P036,22,474
PR00186,2024-09-18,P116,6,2185
PR00187,2024-09-20,P139,48,700
PR00188,2024-09-21,P166,18,2094
PR00189,2024-09-24,P174,6,1432
PR00190,2024-09-24,P047,24,1722
PR00191,2024-09-28,P164,96,1016
PR00192,2024-09-29,P016,57,1060
PR00193,2024-10-04,P152,9,2297
PR00194,2024-10-04,P101,28,1259
PR00195,2024-10-05,P148,33,470
PR00196,2024-10-06,P075,34,2006
PR00197,2024-10-07,P113,24,654
PR00198,2024-10-10,P122,99,2128
PR00199,2024-10-11,P028,6,358
PR00200,2024-10-11,P096,132,1227
PR00201,2024-10-14,P187,98,1993
PR00202,2024-10-17,P025,76,1190
PR00203,2024-10-18,P061,100,2259
PR00204,2024-10-20,P034,22,347
PR00205,2024-10-20,P056,108,1719
PR00206,2024-10-21,P031,36,299
PR00207,2024-10-24,P098,8,1616
PR00208,2024-10-25,P006,100,280
PR00209,2024-10-26,P085,169,410
PR00210,2024-10-28,P123,76,1807
PR00211,2024-10-30,P180,26,418
PR00212,2024-11-01,P073,62,107
PR00213,2024-11-03,P004,145,280
PR00214,2024-11-03,P151,136,1985
PR00215,2024-11-04,P008,111,180
PR00216,2024-11-04,P039,95,660
PR00217,2024-11-05,P178,30,551
PR00218,2024-11-06,P002,76,320
PR00219,2024-11-07,P077,6,1806
PR00220,2024-11-12,P129,40,769
PR00221,2024-11-16,P044,76,1119
PR00222,2024-11-19,P117,8,1866
PR00223,2024-11-20,P005,64,250
PR00224,2024-11-20,P158,6,1924
PR00225,2024-11-24,P040,9,213
PR00226,2024-11-28,P095,24,1678
PR00227,2024-11-29,P062,134,133
PR00228,2024-11-29,P021,6,1309
PR00229,2024-11-29,P110,34,1195
PR00230,2024-11-30,P102,24,992
PR00231,2024-11-30,P181,33,1977
PR00232,2024-11-30,P068,120,1381
PR00233,2024-12-01,P045,15,2144
PR00234,2024-12-03,P159,151,832
PR00235,2024-12-05,P149,82,1841
PR00236,2024-12-06,P132,39,372
PR00237,2024-12-10,P009,20,80
PR00238,2024-12-10,P053,121,1953
PR00239,2024-12-12,P099,71,1955
PR00240,2024-12-13,P114,14,155
PR00241,2024-12-17,P060,126,1602
PR00242,2024-12-17,P042,45,208
PR00243,2024-12-17,P063,79,519
PR00244,2024-12-20,P136,28,1901
PR00245,2024-12-21,P082,38,424
PR00246,2024-12-21,P177,32,1357
PR00247,2024-12-21,P067,42,2476
PR00248,2024-12-25,P094,40,1921
PR00249,2024-12-28,P066,32,1533
PR00250,2024-12-31,P126,36,253
PR00251,2025-01-02,P038,140,1416
PR00252,2025-01-04,P054,30,1994
PR00253,2025-01-04,P105,8,1437
PR00254,2025-01-05,P174,6,1432
PR00255,2025-01-07,P162,45,1876
PR00256,2025-01-13,P145,164,728
PR00257,2025-01-14,P055,6,1010
PR00258,2025-01-17,P124,137,1315
PR00259,2025-01-20,P092,6,1028
PR00260,2025-01-22,P012,15,1531
PR00261,2025-01-22,P001,100,300
PR00262,2025-01-28,P141,16,1482
PR00263,2025-01-28,P088,44,970
PR00264,2025-01-29,P147,38,1764
PR00265,2025-02-01,P131,84,1380
PR00266,2025-02-01,P185,12,2161
PR00267,2025-02-02,P028,6,358
PR00268,2025-02-02,P098,8,1616
PR00269,2025-02-03,P186,6,2230
PR00270,2025-02-06,P017,48,422
PR00271,2025-02-06,P036,22,474
PR00272,2025-02-07,P050,8,1012
PR00273,2025-02-08,P026,178,447
PR00274,2025-02-09,P097,148,279
PR00275,2025-02-12,P086,89,1531
PR00276,2025-02-12,P112,10,1047
PR00277,2025-02-13,P143,26,788
PR00278,2025-02-13,P024,101,2318
PR00279,2025-02-14,P071,44,1908
PR00280,2025-02-16,P173,95,2306
PR00281,2025-02-16,P073,64,107
PR00282,2025-02-21,P049,16,2143
PR00283,2025-02-22,P011,94,1458
PR00284,2025-02-24,P107,151,2349
PR00285,2025-02-25,P138,101,1456
PR00286,2025-03-03,P048,28,1713
PR00287,2025-03-07,P033,14,2365
PR00288,2025-03-07,P116,6,2185
PR00289,2025-03-10,P044,76,1119
PR00290,2025-03-11,P020,36,864
PR00291,2025-03-14,P158,6,1924
PR00292,2025-03-16,P164,96,1016
PR00293,2025-03-16,P047,24,1722
PR00294,2025-03-17,P091,45,2055
PR00295,2025-03-19,P051,51,2407
PR00296,2025-03-20,P187,96,1993
PR00297,2025-03-22,P079,15,1909
PR00298,2025-03-26,P032,16,330
PR00299,2025-03-26,P010,28,120
PR00300,2025-03-28,P005,66,250
PR00301,2025-03-28,P002,75,320
PR00302,2025-03-31,P174,6,1432
PR00303,2025-04-01,P065,60,1804
PR00304,2025-04-04,P104,186,591
PR00305,2025-04-05,P113,24,654
PR00306,2025-04-07,P122,100,2128
PR00307,2025-04-09,P176,48,348
PR00308,2025-04-10,P019,36,1252
PR00309,2025-04-13,P034,22,347
PR00310,2025-04-16,P133,26,1481
PR00311,2025-04-16,P099,70,1955
PR00312,2025-04-17,P184,16,1694
PR00313,2025-04-18,P175,56,174
PR00314,2025-04-19,P142,12,573
PR00315,2025-04-20,P055,6,1010
PR00316,2025-04-22,P152,9,2297
PR00317,2025-04-26,P146,39,1029
PR00318,2025-04-26,P167,44,605
PR00319,2025-04-27,P160,36,1851
PR00320,2025-04-30,P157,176,1493
PR00321,2025-05-03,P009,20,80
PR00322,2025-05-04,P077,6,1806
PR00323,2025-05-05,P014,52,1155
PR00324,2025-05-10,P006,98,280
PR00325,2025-05-11,P061,101,2259
PR00326,2025-05-15,P087,52,2035
PR00327,2025-05-16,P039,94,660
PR00328,2025-05-17,P072,57,2033
PR00329,2025-05-17,P021,6,1309
PR00330,2025-05-18,P183,45,536
PR00331,2025-05-20,P028,6,358
PR00332,2025-05-21,P149,84,1841
PR00333,2025-05-21,P154,48,56
PR00334,2025-05-24,P182,54,1690
PR00335,2025-05-25,P037,54,1454
PR00336,2025-05-29,P165,48,364
PR00337,2025-05-29,P101,28,1259
PR00338,2025-05-29,P134,176,358
PR00339,2025-05-30,P168,60,1278
PR00340,2025-06-02,P150,44,384
PR00341,2025-06-02,P083,57,1861
PR00342,2025-06-03,P074,18,2060
PR00343,2025-06-05,P130,168,368
PR00344,2025-06-05,P056,109,1719
PR00345,2025-06-08,P137,60,218
PR00346,2025-06-11,P092,6,1028
PR00347,2025-06-16,P063,80,519
PR00348,2025-06-17,P105,8,1437
PR00349,2025-06-18,P178,30,551
PR00350,2025-06-20,P186,6,2230
PR00351,2025-06-22,P008,112,180
PR00352,2025-06-23,P073,62,107
PR00353,2025-06-24,P180,26,418
PR00354,2025-06-27,P096,133,1227
PR00355,2025-06-30,P115,38,310
PR00356,2025-06-30,P116,6,2185
PR00357,2025-07-02,P075,34,2006
PR00358,2025-07-05,P158,6,1924
PR00359,2025-07-08,P001,100,300
PR00360,2025-07-08,P135,42,1851
PR00361,2025-07-11,P007,200,150
PR00362,2025-07-15,P005,64,250
PR00363,2025-07-15,P057,188,1490
PR00364,2025-07-16,P119,48,1907
PR00365,2025-07-17,P148,33,470
PR00366,2025-07-20,P136,28,1901
PR00367,2025-07-20,P131,82,1380
PR00368,2025-07-24,P117,8,1866
PR00369,2025-07-26,P127,180,1810
PR00370,2025-07-30,P046,28,857
PR00371,2025-08-02,P055,6,1010
PR00372,2025-08-05,P098,8,1616
PR00373,2025-08-05,P044,76,1119
PR00374,2025-08-08,P086,88,1531
PR00375,2025-08-19,P004,144,280
PR00376,2025-08-21,P053,122,1953
PR00377,2025-08-21,P139,48,700
PR00378,2025-08-24,P151,135,1985
PR00379,2025-08-24,P181,33,1977
PR00380,2025-08-26,P066,32,1533
PR00381,2025-08-26,P002,74,320
PR00382,2025-08-27,P173,96,2306
PR00383,2025-08-28,P050,8,1012
PR00384,2025-08-30,P062,132,133
PR00385,2025-09-05,P036,22,474
PR00386,2025-09-08,P138,100,1456
PR00387,2025-09-12,P177,32,1357
PR00388,2025-09-13,P068,122,1381
PR00389,2025-09-14,P070,57,1706
PR00390,2025-09-16,P132,39,372
PR00391,2025-09-17,P043,60,1191
PR00392,2025-09-18,P011,95,1458
PR00393,2025-09-20,P140,56,1400
PR00394,2025-09-26,P143,26,788
PR00395,2025-09-27,P156,52,116
PR00396,2025-09-27,P174,6,1432
PR00397,2025-09-27,P060,126,1602
PR00398,2025-09-27,P085,168,410
PR00399,2025-09-27,P015,52,321
PR00400,2025-09-30,P099,70,1955
PR00401,2025-10-02,P110,34,1195
PR00402,2025-10-03,P082,38,424
PR00403,2025-10-06,P159,151,832
PR00404,2025-10-06,P187,97,1993
PR00405,2025-10-08,P185,12,2161
PR00406,2025-10-10,P113,24,654
PR00407,2025-10-10,P009,20,80
PR00408,2025-10-10,P040,9,213
PR00409,2025-10-11,P024,101,2318
PR00410,2025-10-11,P047,24,1722
PR00411,2025-10-12,P153,76,1922
PR00412,2025-10-13,P169,20,157
PR00413,2025-10-14,P094,40,1921
PR00414,2025-10-16,P149,83,1841
PR00415,2025-10-17,P038,140,1416
PR00416,2025-10-17,P081,27,1698
PR00417,2025-10-17,P013,80,1544
PR00418,2025-10-18,P067,42,2476
PR00419,2025-10-19,P027,18,497
PR00420,2025-10-20,P021,6,1309
PR00421,2025-10-22,P058,60,1167
PR00422,2025-10-26,P106,57,556
PR00423,2025-10-27,P124,136,1315
PR00424,2025-10-31,P122,100,2128
PR00425,2025-11-01,P125,21,931
PR00426,2025-11-01,P116,6,2185
PR00427,2025-11-02,P164,96,1016
PR00428,2025-11-04,P005,64,250
PR00429,2025-11-07,P189,68,1741
PR00430,2025-11-07,P084,64,1365
PR00431,2025-11-10,P039,95,660
PR00432,2025-11-11,P188,76,1607
PR00433,2025-11-13,P152,9,2297
PR00434,2025-11-13,P166,18,2094
PR00435,2025-11-15,P010,28,120
PR00436,2025-11-15,P186,6,2230
PR00437,2025-11-18,P006,100,280
PR00438,2025-11-20,P171,80,575
PR00439,2025-11-21,P144,60,2260
PR00440,2025-11-21,P063,78,519
PR00441,2025-11-21,P107,152,2349
PR00442,2025-11-23,P073,63,107
PR00443,2025-11-23,P112,10,1047
PR00444,2025-11-24,P092,6,1028
PR00445,2025-11-29,P145,164,728
PR00446,2025-11-30,P034,22,347
PR00447,2025-12-02,P158,6,1924
PR00448,2025-12-03,P018,80,1967
PR00449,2025-12-04,P048,28,1713
PR00450,2025-12-05,P103,28,1315
PR00451,2025-12-06,P061,100,2259
PR00452,2025-12-07,P131,82,1380
PR00453,2025-12-09,P097,149,279
PR00454,2025-12-10,P180,26,418
PR00455,2025-12-10,P016,57,1060
PR00456,2025-12-13,P017,48,422
PR00457,2025-12-16,P042,45,208
PR00458,2025-12-20,P071,44,1908
PR00459,2025-12-21,P044,76,1119
PR00460,2025-12-24,P028,6,358
PR00461,2025-12-24,P002,74,320
PR00462,2025-12-26,P098,8,1616
PR00463,2025-12-27,P146,39,1029
PR00464,2025-12-29,P090,28,609
PR00465,2025-12-29,P055,6,1010
PR00466,2025-12-29,P056,109,1719
PR00467,2025-12-31,P105,8,1437
PR00468,2026-01-02,P101,28,1259
PR00469,2026-01-02,P172,60,1295
PR00470,2026-01-06,P019,36,1252
PR00471,2026-01-10,P021,6,1309
PR00472,2026-01-12,P161,30,1788
PR00473,2026-01-13,P133,26,1481
PR00474,2026-01-14,P162,45,1876
PR00475,2026-01-15,P001,102,300
PR00476,2026-01-17,P050,8,1012
PR00477,2026-01-18,P036,22,474
PR00478,2026-01-20,P147,38,1764
PR00479,2026-01-21,P077,6,1806
PR00480,2026-01-22,P008,111,180
PR00481,2026-01-23,P088,44,970
PR00482,2026-01-24,P174,6,1432
PR00483,2026-01-24,P096,132,1227
PR00484,2026-01-25,P026,176,447
PR00485,2026-01-29,P141,16,1482
PR00486,2026-02-01,P020,36,864
PR00487,2026-02-01,P178,30,551
PR00488,2026-02-03,P099,72,1955
PR00489,2026-02-05,P023,30,1684
PR00490,2026-02-10,P086,88,1531
PR00491,2026-02-13,P022,24,575
PR00492,2026-02-14,P173,94,2306
PR00493,2026-02-17,P052,30,946
PR00494,2026-02-18,P005,64,250
PR00495,2026-02-18,P079,15,1909
PR00496,2026-02-21,P091,45,2055
PR00497,2026-02-26,P136,28,1901
PR00498,2026-02-27,P143,26,788
PR00499,2026-03-03,P078,68,2310
PR00500,2026-03-09,P049,16,2143
PR00501,2026-03-09,P045,15,2144
PR00502,2026-03-14,P149,83,1841
PR00503,2026-03-16,P024,100,2318
PR00504,2026-03-18,P012,15,1531
PR00505,2026-03-18,P051,51,2407
PR00506,2026-03-21,P114,14,155
PR00507,2026-03-22,P185,12,2161
PR00508,2026-03-26,P142,12,573
PR00509,2026-03-28,P011,94,1458
PR00510,2026-03-31,P068,120,1381
PR00511,2026-03-31,P063,78,519
PR00512,2026-04-01,P176,48,348
PR00513,2026-04-01,P113,24,654
PR00514,2026-04-05,P138,100,1456
PR00515,2026-04-05,P187,96,1993
PR00516,2026-04-07,P104,184,591
PR00517,2026-04-08,P047,24,1722
PR00518,2026-04-09,P116,6,2185
PR00519,2026-04-10,P092,6,1028
PR00520,2026-04-11,P158,6,1924
PR00521,2026-04-13,P066,32,1533
PR00522,2026-04-14,P025,76,1190
PR00523,2026-04-17,P009,20,80
PR00524,2026-04-17,P053,120,1953
PR00525,2026-04-19,P148,33,470
PR00526,2026-04-21,P152,9,2297
PR00527,2026-04-21,P177,32,1357
PR00528,2026-04-21,P062,132,133
PR00529,2026-04-22,P164,97,1016
PR00530,2026-04-23,P154,48,56
PR00531,2026-04-25,P122,99,2128
PR00532,2026-04-25,P135,42,1851
PR00533,2026-04-29,P117,8,1866
PR00534,2026-04-30,P115,38,310
PR00535,2026-05-02,P041,21,775
PR00536,2026-05-03,P150,44,384
PR00537,2026-05-05,P004,145,280
PR00538,2026-05-09,P130,169,368
PR00539,2026-05-10,P075,34,2006
PR00540,2026-05-12,P073,62,107
PR00541,2026-05-13,P132,39,372
PR00542,2026-05-16,P060,126,1602
PR00543,2026-05-19,P021,6,1309
PR00544,2026-05-19,P151,136,1985
PR00545,2026-05-20,P034,22,347
PR00546,2026-05-21,P028,6,358
PR00547,2026-05-22,P039,96,660
PR00548,2026-05-22,P131,83,1380
PR00549,2026-05-23,P186,6,2230
PR00550,2026-05-30,P033,14,2365
PR00551,2026-05-31,P167,44,605
PR00552,2026-06-01,P134,177,358
PR00553,2026-06-03,P002,74,320
PR00554,2026-06-05,P065,60,1804
PR00555,2026-06-05,P157,176,1493
PR00556,2026-06-06,P105,8,1437
PR00557,2026-06-08,P098,8,1616
PR00558,2026-06-08,P003,80,750
PR00559,2026-06-11,P077,6,1806
PR00560,2026-06-13,P087,52,2035
PR00561,2026-06-14,P181,33,1977
PR00562,2026-06-14,P159,150,832
PR00563,2026-06-16,P099,72,1955
PR00564,2026-06-16,P183,45,536
PR00565,2026-06-17,P014,52,1155
PR00566,2026-06-17,P040,9,213
PR00567,2026-06-17,P055,6,1010
PR00568,2026-06-17,P044,78,1119
PR00569,2026-06-17,P123,76,1807
PR00570,2026-06-19,P074,18,2060
PR00571,2026-06-26,P005,64,250
PR00572,2026-06-27,P048,28,1713
PR00573,2026-06-28,P174,6,1432
PR00574,2026-07-01,P038,140,1416
PR00575,2026-07-05,P010,28,120
PR00576,2026-07-05,P007,201,150
PR00577,2026-07-05,P127,182,1810
PR00578,2026-07-07,P102,24,992
PR00579,2026-07-09,P006,99,280
PR00580,2026-07-11,P082,38,424
PR00581,2026-07-22,P110,34,1195
PR00582,2026-07-24,P001,100,300
PR00583,2026-07-25,P057,188,1490
PR00584,2026-07-29,P124,137,1315
PR00585,2026-07-30,P027,18,497
PR00586,2026-07-30,P089,36,1751
PR00587,2026-08-01,P036,22,474
PR00588,2026-08-02,P173,95,2306
PR00589,2026-08-04,P086,88,1531
PR00590,2026-08-05,P175,56,174
PR00591,2026-08-08,P182,54,1690
PR00592,2026-08-09,P037,54,1454
PR00593,2026-08-11,P056,108,1719
PR00594,2026-08-11,P168,60,1278
PR00595,2026-08-13,P085,169,410
PR00596,2026-08-19,P032,16,330
PR00597,2026-08-20,P050,8,1012
PR00598,2026-08-23,P139,48,700
PR00599,2026-08-25,P072,57,2033
PR00600,2026-08-25,P005,73,250
PR00601,2026-08-26,P008,121,180
PR00602,2026-08-27,P116,6,2185
PR00603,2026-08-28,P101,28,1259
PR00604,2026-08-28,P119,48,1907
PR00605,2026-08-28,P002,86,320
PR00606,2026-08-28,P133,26,1481
PR00607,2026-08-28,P180,26,418
